<Anims>
 <anim name="BUILD_PLAYER" root="template" numframes="25" framerate="40">
  <frame idx="0" w="1659" h="879" x="-166.956726" y="-145.959778">
   <element name="face" layername="face" frame="0" z_index="8" m_a="1.000000" m_b="0.000000" m_c="0.000000" m_d="1.000000" m_tx="-319.112488" m_ty="-183.298996"/>
   <element name="headbase_hat" layername="headbase_hat" frame="0" z_index="12" m_a="1.000000" m_b="0.000000" m_c="0.000000" m_d="1.000000" m_tx="-324.562500" m_ty="-120.098999"/>
   <element name="headbase" layername="headbase" frame="0" z_index="14" m_a="1.000000" m_b="0.000000" m_c="0.000000" m_d="1.000000" m_tx="-324.562500" m_ty="-120.098999"/>
   <element name="hair_hat" layername="hair_hat" frame="0" z_index="18" m_a="1.000000" m_b="0.000000" m_c="0.000000" m_d="1.000000" m_tx="-327.561493" m_ty="-203.449005"/>
   <element name="hair" layername="hair" frame="0" z_index="20" m_a="1.000000" m_b="0.000000" m_c="0.000000" m_d="1.000000" m_tx="-327.561493" m_ty="-203.449005"/>
   <element name="torso" layername="torso" frame="0" z_index="24" m_a="1.000000" m_b="0.000000" m_c="0.000000" m_d="1.000000" m_tx="-325.812500" m_ty="-44.299000"/>
   <element name="foot" layername="foot" frame="0" z_index="26" m_a="-1.000000" m_b="0.000000" m_c="0.000000" m_d="1.000000" m_tx="-319.812500" m_ty="-10.049000"/>
   <element name="foot" layername="foot" frame="0" z_index="28" m_a="1.000000" m_b="0.000000" m_c="0.000000" m_d="1.000000" m_tx="-332.111511" m_ty="-10.049000"/>
   <element name="leg" layername="leg" frame="0" z_index="31" m_a="-1.000000" m_b="0.000000" m_c="0.000000" m_d="1.000000" m_tx="-319.812500" m_ty="-40.049000"/>
   <element name="leg" layername="leg" frame="0" z_index="37" m_a="1.000000" m_b="0.000000" m_c="0.000000" m_d="1.000000" m_tx="-332.111511" m_ty="-40.049000"/>
   <element name="hand" layername="hand" frame="0" z_index="41" m_a="0.993774" m_b="-0.031403" m_c="0.031403" m_d="0.993774" m_tx="-365.961487" m_ty="-53.299000"/>
   <element name="arm_upper" layername="arm_upper" frame="0" z_index="45" m_a="0.931121" m_b="0.358445" m_c="-0.358445" m_d="0.931121" m_tx="-346.561493" m_ty="-110.649002"/>
   <element name="arm_lower" layername="arm_lower" frame="0" z_index="51" m_a="0.973282" m_b="0.207016" m_c="-0.207016" m_d="0.973282" m_tx="-359.061493" m_ty="-81.749001"/>
   <element name="hand" layername="hand" frame="0" z_index="54" m_a="-0.993774" m_b="-0.031403" m_c="-0.031403" m_d="0.993774" m_tx="-286.962494" m_ty="-53.299000"/>
   <element name="arm_upper" layername="arm_upper" frame="0" z_index="57" m_a="-0.931121" m_b="0.358444" m_c="0.358444" m_d="0.931121" m_tx="-306.362488" m_ty="-110.649002"/>
   <element name="arm_lower" layername="arm_lower" frame="0" z_index="63" m_a="-0.973282" m_b="0.207016" m_c="0.207016" m_d="0.973282" m_tx="-293.862488" m_ty="-81.749001"/>
   <element name="hand" layername="hand" frame="1" z_index="66" m_a="-0.162841" m_b="-0.980042" m_c="0.980042" m_d="-0.162841" m_tx="-233.812500" m_ty="-104.598999"/>
   <element name="arm_upper" layername="arm_upper" frame="1" z_index="69" m_a="0.482436" m_b="-0.870926" m_c="0.870926" m_d="0.482436" m_tx="-304.562500" m_ty="-106.549004"/>
   <element name="arm_lower" layername="arm_lower" frame="1" z_index="75" m_a="-0.316665" m_b="-0.941818" m_c="0.941818" m_d="-0.316665" m_tx="-272.912506" m_ty="-89.899002"/>
   <element name="hair_hat" layername="hair_hat_2" frame="2" z_index="9" m_a="0.997879" m_b="-0.061340" m_c="0.061340" m_d="0.997879" m_tx="3.600000" m_ty="-200.048996"/>
   <element name="hair" layername="hair_2_" frame="2" z_index="10" m_a="0.997879" m_b="-0.061340" m_c="0.061340" m_d="0.997879" m_tx="3.600000" m_ty="-200.048996"/>
   <element name="torso" layername="torso_6_" frame="6" z_index="15" m_a="1.000000" m_b="0.000000" m_c="0.000000" m_d="1.000000" m_tx="0.900000" m_ty="-45.999001"/>
   <element name="foot" layername="foot_3_22" frame="3" z_index="21" m_a="1.000000" m_b="0.000000" m_c="0.000000" m_d="1.000000" m_tx="-6.699000" m_ty="-11.699000"/>
   <element name="leg" layername="leg_3_23" frame="3" z_index="23" m_a="1.000000" m_b="0.000000" m_c="0.000000" m_d="1.000000" m_tx="-6.699000" m_ty="-41.699001"/>
   <element name="foot" layername="foot_3_24" frame="3" z_index="27" m_a="-1.000000" m_b="0.000000" m_c="0.000000" m_d="1.000000" m_tx="4.900000" m_ty="-11.299000"/>
   <element name="leg" layername="leg_3_25" frame="3" z_index="30" m_a="-1.000000" m_b="0.000000" m_c="0.000000" m_d="1.000000" m_tx="4.900000" m_ty="-41.299000"/>
   <element name="headbase_hat" layername="headbase_hat_2_26" frame="2" z_index="32" m_a="-0.997879" m_b="0.061340" m_c="0.061340" m_d="0.997879" m_tx="-2.949000" m_ty="-123.848999"/>
   <element name="headbase" layername="headbase_2_27" frame="2" z_index="33" m_a="-0.997879" m_b="0.061340" m_c="0.061340" m_d="0.997879" m_tx="-2.949000" m_ty="-123.848999"/>
   <element name="headbase" layername="headbase_2_28" frame="2" z_index="36" m_a="-0.997879" m_b="0.061340" m_c="0.061340" m_d="0.997879" m_tx="-2.949000" m_ty="-123.848999"/>
   <element name="hand" layername="hand_5_29" frame="5" z_index="40" m_a="-0.976669" m_b="-0.172791" m_c="-0.172791" m_d="0.976669" m_tx="43.750000" m_ty="-54.398998"/>
   <element name="arm_upper" layername="arm_upper" frame="0" z_index="44" m_a="-0.875061" m_b="0.478409" m_c="0.478409" m_d="0.875061" m_tx="16.700001" m_ty="-109.999001"/>
   <element name="arm_lower" layername="arm_lower" frame="0" z_index="49" m_a="-0.954254" m_b="0.279816" m_c="0.279816" m_d="0.954254" m_tx="33.950001" m_ty="-82.249001"/>
   <element name="hand" layername="hand_5_32" frame="5" z_index="53" m_a="0.975418" m_b="-0.181946" m_c="0.181946" m_d="0.975418" m_tx="-41.648998" m_ty="-52.249001"/>
   <element name="arm_upper" layername="arm_upper" frame="0" z_index="56" m_a="0.905121" m_b="0.419281" m_c="-0.419281" m_d="0.905121" m_tx="-17.698999" m_ty="-108.198997"/>
   <element name="arm_lower" layername="arm_lower" frame="0" z_index="61" m_a="0.957199" m_b="0.271026" m_c="-0.271026" m_d="0.957199" m_tx="-32.098999" m_ty="-80.198997"/>
   <element name="hand" layername="hand_4_35" frame="4" z_index="65" m_a="0.159056" m_b="-0.978943" m_c="-0.978943" m_d="-0.159056" m_tx="-90.098999" m_ty="-95.149002"/>
   <element name="arm_upper" layername="arm_upper" frame="1" z_index="68" m_a="-0.497770" m_b="-0.863393" m_c="-0.895050" m_d="0.516021" m_tx="-18.099001" m_ty="-105.448997"/>
   <element name="arm_lower" layername="arm_lower" frame="1" z_index="73" m_a="0.188263" m_b="-0.983325" m_c="-1.056320" m_d="-0.202239" m_tx="-49.749001" m_ty="-87.499001"/>
   <element name="face" layername="face_4_38" frame="4" z_index="7" m_a="1.000000" m_b="0.000000" m_c="0.000000" m_d="1.000000" m_tx="406.850006" m_ty="-183.899002"/>
   <element name="headbase_hat" layername="headbase_hat" frame="1" z_index="11" m_a="1.000000" m_b="0.000000" m_c="0.000000" m_d="1.000000" m_tx="363.000000" m_ty="-120.698997"/>
   <element name="headbase" layername="headbase" frame="1" z_index="13" m_a="1.000000" m_b="0.000000" m_c="0.000000" m_d="1.000000" m_tx="363.000000" m_ty="-120.698997"/>
   <element name="hair_hat" layername="hair_hat" frame="1" z_index="17" m_a="1.000000" m_b="0.000000" m_c="0.000000" m_d="1.000000" m_tx="326.700989" m_ty="-208.399002"/>
   <element name="hair" layername="hair" frame="1" z_index="19" m_a="1.000000" m_b="0.000000" m_c="0.000000" m_d="1.000000" m_tx="326.700989" m_ty="-208.399002"/>
   <element name="hand" layername="hand_2_43" frame="2" z_index="22" m_a="0.991235" m_b="0.030800" m_c="-0.031723" m_d="1.020950" m_tx="320.501007" m_ty="-51.199001"/>
   <element name="arm_upper" layername="arm_upper_2_44" frame="2" z_index="29" m_a="0.959407" m_b="0.337317" m_c="-0.378128" m_d="1.075486" m_tx="336.700989" m_ty="-120.848999"/>
   <element name="arm_lower" layername="arm_lower" frame="0" z_index="35" m_a="0.989503" m_b="0.103297" m_c="-0.119736" m_d="1.146972" m_tx="324.251007" m_ty="-85.698997"/>
   <element name="torso" layername="torso_3_46" frame="3" z_index="38" m_a="1.000000" m_b="0.000000" m_c="0.000000" m_d="1.000000" m_tx="351.649994" m_ty="-42.999001"/>
   <element name="foot" layername="foot" frame="1" z_index="42" m_a="1.000000" m_b="0.000000" m_c="0.000000" m_d="1.062897" m_tx="346.700989" m_ty="-11.499000"/>
   <element name="leg" layername="leg" frame="1" z_index="43" m_a="1.000000" m_b="0.000000" m_c="0.000000" m_d="1.062897" m_tx="346.700989" m_ty="-43.999001"/>
   <element name="foot" layername="foot_2_49" frame="2" z_index="46" m_a="1.000000" m_b="0.000000" m_c="0.000000" m_d="1.062897" m_tx="353.899994" m_ty="-16.349001"/>
   <element name="leg" layername="leg_2_" frame="2" z_index="47" m_a="1.000000" m_b="0.000000" m_c="0.000000" m_d="1.062897" m_tx="353.899994" m_ty="-48.848999"/>
   <element name="hand" layername="hand_3_" frame="3" z_index="52" m_a="0.913132" m_b="-0.386597" m_c="0.386597" m_d="0.913132" m_tx="371.000000" m_ty="-52.699001"/>
   <element name="arm_upper" layername="arm_upper_2_52" frame="2" z_index="55" m_a="0.995679" m_b="-0.030239" m_c="0.035141" m_d="1.157073" m_tx="360.399994" m_ty="-121.149002"/>
   <element name="arm_lower" layername="arm_lower" frame="0" z_index="59" m_a="0.973602" m_b="-0.262321" m_c="0.296769" m_d="1.101456" m_tx="361.450012" m_ty="-83.399002"/>
   <element name="hand" layername="hand" frame="1" z_index="64" m_a="-0.112609" m_b="-0.986908" m_c="0.986908" m_d="-0.112609" m_tx="431.200012" m_ty="-102.598999"/>
   <element name="arm_upper" layername="arm_upper" frame="1" z_index="67" m_a="0.482436" m_b="-0.870926" m_c="0.870926" m_d="0.482436" m_tx="359.450012" m_ty="-109.299004"/>
   <element name="arm_lower" layername="arm_lower" frame="1" z_index="71" m_a="-0.220519" m_b="-0.968506" m_c="0.968506" m_d="-0.220519" m_tx="390.899994" m_ty="-92.049004"/>
   <element name="tail" layername="tail" frame="5" z_index="77" m_a="-0.124649" m_b="-0.984970" m_c="0.984970" m_d="-0.124649" m_tx="-403.531708" m_ty="-94.008598"/>
   <element name="tail" layername="tail" frame="4" z_index="79" m_a="-0.383436" m_b="-0.916902" m_c="0.916902" m_d="-0.383436" m_tx="-412.181702" m_ty="-117.678795"/>
   <element name="tail" layername="tail_2_68" frame="3" z_index="81" m_a="-0.972975" m_b="-0.209938" m_c="0.209938" m_d="-0.972975" m_tx="-437.196259" m_ty="-119.116646"/>
   <element name="tail" layername="tail_3_69" frame="2" z_index="83" m_a="-0.024177" m_b="0.995667" m_c="-0.995667" m_d="-0.024177" m_tx="-440.173462" m_ty="-58.859100"/>
   <element name="tail" layername="tail_4_" frame="1" z_index="85" m_a="0.758684" m_b="0.647886" m_c="-0.647886" m_d="0.758684" m_tx="-387.361511" m_ty="-7.699000"/>
   <element name="tail" layername="tail_5_" frame="0" z_index="87" m_a="0.849511" m_b="-0.578465" m_c="0.569775" m_d="0.836749" m_tx="-332.311493" m_ty="-43.199001"/>
   <element name="tail" layername="tail" frame="5" z_index="1" m_a="0.310332" m_b="-0.941056" m_c="-0.941056" m_d="-0.310332" m_tx="89.590401" m_ty="-98.218697"/>
   <element name="tail" layername="tail" frame="4" z_index="2" m_a="0.550860" m_b="-0.824920" m_c="-0.824920" m_d="-0.550860" m_tx="100.170204" m_ty="-114.838394"/>
   <element name="tail" layername="tail_2_74" frame="3" z_index="3" m_a="0.993256" m_b="-0.019748" m_c="-0.019748" m_d="-0.993256" m_tx="125.615463" m_ty="-113.832504"/>
   <element name="tail" layername="tail_3_75" frame="2" z_index="4" m_a="-0.166595" m_b="0.979996" m_c="0.979996" m_d="0.166595" m_tx="116.720268" m_ty="-54.319828"/>
   <element name="tail" layername="tail_4_76" frame="1" z_index="5" m_a="-0.825714" m_b="0.556962" m_c="0.556962" m_d="0.825714" m_tx="57.750000" m_ty="-10.799000"/>
   <element name="tail" layername="tail_5_77" frame="0" z_index="6" m_a="-0.865029" m_b="-0.554677" m_c="-0.545182" m_d="0.850221" m_tx="1.850000" m_ty="-44.699001"/>
   <element name="tail" layername="tail" frame="5" z_index="76" m_a="-0.310332" m_b="-0.941056" m_c="0.941056" m_d="-0.310332" m_tx="254.730804" m_ty="-101.249001"/>
   <element name="tail" layername="tail" frame="4" z_index="78" m_a="-0.550860" m_b="-0.824919" m_c="0.824919" m_d="-0.550860" m_tx="245.161102" m_ty="-116.858597"/>
   <element name="tail" layername="tail_2_" frame="3" z_index="80" m_a="-0.993256" m_b="-0.019748" m_c="0.019748" m_d="-0.993256" m_tx="218.231934" m_ty="-114.863434"/>
   <element name="tail" layername="tail_3_" frame="2" z_index="82" m_a="0.166599" m_b="0.979995" m_c="-0.979995" m_d="0.166599" m_tx="226.075363" m_ty="-54.814465"/>
   <element name="tail" layername="tail_4_82" frame="1" z_index="84" m_a="0.825719" m_b="0.556955" m_c="-0.556955" m_d="0.825719" m_tx="284.550995" m_ty="-10.799000"/>
   <element name="tail" layername="tail_5_83" frame="0" z_index="86" m_a="0.865026" m_b="-0.554681" m_c="0.545186" m_d="0.850219" m_tx="340.450989" m_ty="-44.699001"/>
   <element name="torso_pelvis" layername="torso_pelvis" frame="0" z_index="25" m_a="1.000000" m_b="0.000000" m_c="0.000000" m_d="1.000000" m_tx="-325.812500" m_ty="-44.299000"/>
   <element name="torso_pelvis" layername="torso_pelvis_6_87" frame="6" z_index="16" m_a="1.000000" m_b="0.000000" m_c="0.000000" m_d="1.000000" m_tx="0.900000" m_ty="-45.999001"/>
   <element name="torso_pelvis" layername="torso_pelvis_3_88" frame="3" z_index="39" m_a="1.000000" m_b="0.000000" m_c="0.000000" m_d="1.000000" m_tx="351.649994" m_ty="-42.999001"/>
   <element name="arm_upper_skin" layername="arm_upper_skin" frame="0" z_index="50" m_a="0.931121" m_b="0.358445" m_c="-0.358445" m_d="0.931121" m_tx="-346.561493" m_ty="-110.649002"/>
   <element name="arm_upper_skin" layername="arm_upper_skin" frame="0" z_index="62" m_a="-0.931121" m_b="0.358444" m_c="0.358444" m_d="0.931121" m_tx="-306.362488" m_ty="-110.649002"/>
   <element name="arm_upper_skin" layername="arm_upper_skin" frame="0" z_index="74" m_a="0.482436" m_b="-0.870926" m_c="0.870926" m_d="0.482436" m_tx="-304.562500" m_ty="-106.549004"/>
   <element name="arm_upper_skin" layername="arm_upper_skin" frame="0" z_index="48" m_a="-0.875061" m_b="0.478409" m_c="0.478409" m_d="0.875061" m_tx="16.700001" m_ty="-109.999001"/>
   <element name="arm_upper_skin" layername="arm_upper_skin" frame="0" z_index="60" m_a="0.905121" m_b="0.419281" m_c="-0.419281" m_d="0.905121" m_tx="-17.698999" m_ty="-108.198997"/>
   <element name="arm_upper_skin" layername="arm_upper_skin" frame="0" z_index="72" m_a="-0.497770" m_b="-0.863393" m_c="-0.895050" m_d="0.516021" m_tx="-18.099001" m_ty="-105.448997"/>
   <element name="arm_upper_skin" layername="arm_upper_skin" frame="0" z_index="34" m_a="0.959407" m_b="0.337317" m_c="-0.378128" m_d="1.075486" m_tx="336.700989" m_ty="-120.848999"/>
   <element name="arm_upper_skin" layername="arm_upper_skin" frame="0" z_index="58" m_a="0.995679" m_b="-0.030239" m_c="0.035141" m_d="1.157073" m_tx="360.399994" m_ty="-121.149002"/>
   <element name="arm_upper_skin" layername="arm_upper_skin" frame="0" z_index="70" m_a="0.482436" m_b="-0.870926" m_c="0.870926" m_d="0.482436" m_tx="359.450012" m_ty="-109.299004"/>
  </frame>
 </anim>
</Anims>
