<Anims>
 <anim name="anim_90s" root="beards" numframes="50" framerate="40">
  <frame idx="0" w="222" h="473" x="415.452972" y="63.211334">
   <element name="beard_short" layername="beard_short" frame="0" z_index="1" m_a="1.000000" m_b="0.000000" m_c="0.000000" m_d="1.000000" m_tx="267.239868" m_ty="-31.039513"/>
   <element name="beard_long" layername="beard_long" frame="0" z_index="2" m_a="1.000000" m_b="0.000000" m_c="0.000000" m_d="1.000000" m_tx="581.546997" m_ty="61.939808"/>
   <element name="beard_medium" layername="beard_medium" frame="0" z_index="3" m_a="1.000000" m_b="0.000000" m_c="0.000000" m_d="1.000000" m_tx="408.577148" m_ty="59.949799"/>
  </frame>
  <frame idx="25" w="-8" h="492" x="487.037170" y="266.152588">
   <element name="beard_short" layername="beard_short" frame="0" z_index="1" m_a="1.000000" m_b="0.000000" m_c="0.000000" m_d="1.000000" m_tx="586.358276" m_ty="374.842926"/>
   <element name="beard_long" layername="beard_long" frame="0" z_index="2" m_a="1.000000" m_b="0.000000" m_c="0.000000" m_d="1.000000" m_tx="581.546997" m_ty="61.939808"/>
   <element name="beard_medium" layername="beard_medium" frame="0" z_index="3" m_a="1.000000" m_b="0.000000" m_c="0.000000" m_d="1.000000" m_tx="408.577148" m_ty="59.949799"/>
  </frame>
 </anim>
</Anims>
