<Anims>
 <anim name="anim_90s" root="beards" numframes="50" framerate="40">
  <frame idx="0" w="648" h="490" x="317.949219" y="87.506882">
   <element name="beard_short" layername="beard_short" frame="0" z_index="1" m_a="0.906308" m_b="0.422618" m_c="-0.422618" m_d="0.906308" m_tx="247.239853" m_ty="-26.039511"/>
   <element name="beard_long" layername="beard_long" frame="0" z_index="2" m_a="1.000000" m_b="0.000000" m_c="0.000000" m_d="1.000000" m_tx="581.546997" m_ty="61.939808"/>
   <element name="beard_medium" layername="beard_medium" frame="0" z_index="3" m_a="1.000000" m_b="0.000000" m_c="0.000000" m_d="1.000000" m_tx="408.577148" m_ty="59.949799"/>
  </frame>
  <frame idx="25" w="105" h="517" x="482.479248" y="288.530334">
   <element name="beard_short" layername="beard_short" frame="0" z_index="1" m_a="0.993337" m_b="0.115243" m_c="-0.115243" m_d="0.993337" m_tx="581.064148" m_ty="376.166443"/>
   <element name="beard_long" layername="beard_long" frame="0" z_index="2" m_a="1.000000" m_b="0.000000" m_c="0.000000" m_d="1.000000" m_tx="581.546997" m_ty="61.939808"/>
   <element name="beard_medium" layername="beard_medium" frame="0" z_index="3" m_a="1.000000" m_b="0.000000" m_c="0.000000" m_d="1.000000" m_tx="408.577148" m_ty="59.949799"/>
  </frame>
 </anim>
</Anims>
