<Anims>
 <anim name="idle" root="toothkit_flint" numframes="1000" framerate="40">
  <frame idx="0" w="51" h="104" x="18.883881" y="-29.799667">
   <element name="symbol0" layername="toothkit_flint" frame="0" z_index="1" m_a="1.000000" m_b="0.000000" m_c="0.000000" m_d="1.000000" m_tx="-13.116118" m_ty="-61.799667"/>
  </frame>
  <frame idx="25" w="51" h="104" x="18.883881" y="-29.799667">
   <element name="symbol0" layername="toothkit_flint" frame="0" z_index="1" m_a="1.000000" m_b="0.000000" m_c="0.000000" m_d="1.000000" m_tx="-13.116118" m_ty="-61.799667"/>
  </frame>
  <frame idx="50" w="51" h="104" x="18.883881" y="-29.799667">
   <element name="symbol0" layername="toothkit_flint" frame="0" z_index="1" m_a="1.000000" m_b="0.000000" m_c="0.000000" m_d="1.000000" m_tx="-13.116118" m_ty="-61.799667"/>
  </frame>
  <frame idx="75" w="51" h="104" x="18.883881" y="-29.799667">
   <element name="symbol0" layername="toothkit_flint" frame="0" z_index="1" m_a="1.000000" m_b="0.000000" m_c="0.000000" m_d="1.000000" m_tx="-13.116118" m_ty="-61.799667"/>
  </frame>
  <frame idx="100" w="51" h="104" x="18.883881" y="-29.799667">
   <element name="symbol0" layername="toothkit_flint" frame="0" z_index="1" m_a="1.000000" m_b="0.000000" m_c="0.000000" m_d="1.000000" m_tx="-13.116118" m_ty="-61.799667"/>
  </frame>
  <frame idx="125" w="51" h="104" x="18.883881" y="-29.799667">
   <element name="symbol0" layername="toothkit_flint" frame="0" z_index="1" m_a="1.000000" m_b="0.000000" m_c="0.000000" m_d="1.000000" m_tx="-13.116118" m_ty="-61.799667"/>
  </frame>
  <frame idx="150" w="51" h="104" x="18.883881" y="-29.799667">
   <element name="symbol0" layername="toothkit_flint" frame="0" z_index="1" m_a="1.000000" m_b="0.000000" m_c="0.000000" m_d="1.000000" m_tx="-13.116118" m_ty="-61.799667"/>
  </frame>
  <frame idx="175" w="51" h="104" x="18.883881" y="-29.799667">
   <element name="symbol0" layername="toothkit_flint" frame="0" z_index="1" m_a="1.000000" m_b="0.000000" m_c="0.000000" m_d="1.000000" m_tx="-13.116118" m_ty="-61.799667"/>
  </frame>
  <frame idx="200" w="51" h="104" x="18.883881" y="-29.799667">
   <element name="symbol0" layername="toothkit_flint" frame="0" z_index="1" m_a="1.000000" m_b="0.000000" m_c="0.000000" m_d="1.000000" m_tx="-13.116118" m_ty="-61.799667"/>
  </frame>
  <frame idx="225" w="51" h="104" x="18.883881" y="-29.799667">
   <element name="symbol0" layername="toothkit_flint" frame="0" z_index="1" m_a="1.000000" m_b="0.000000" m_c="0.000000" m_d="1.000000" m_tx="-13.116118" m_ty="-61.799667"/>
  </frame>
  <frame idx="250" w="51" h="104" x="18.883881" y="-29.799667">
   <element name="symbol0" layername="toothkit_flint" frame="0" z_index="1" m_a="1.000000" m_b="0.000000" m_c="0.000000" m_d="1.000000" m_tx="-13.116118" m_ty="-61.799667"/>
  </frame>
  <frame idx="275" w="51" h="104" x="18.883881" y="-29.799667">
   <element name="symbol0" layername="toothkit_flint" frame="0" z_index="1" m_a="1.000000" m_b="0.000000" m_c="0.000000" m_d="1.000000" m_tx="-13.116118" m_ty="-61.799667"/>
  </frame>
  <frame idx="300" w="51" h="104" x="18.883881" y="-29.799667">
   <element name="symbol0" layername="toothkit_flint" frame="0" z_index="1" m_a="1.000000" m_b="0.000000" m_c="0.000000" m_d="1.000000" m_tx="-13.116118" m_ty="-61.799667"/>
  </frame>
  <frame idx="325" w="51" h="104" x="18.883881" y="-29.799667">
   <element name="symbol0" layername="toothkit_flint" frame="0" z_index="1" m_a="1.000000" m_b="0.000000" m_c="0.000000" m_d="1.000000" m_tx="-13.116118" m_ty="-61.799667"/>
  </frame>
  <frame idx="350" w="51" h="104" x="18.883881" y="-29.799667">
   <element name="symbol0" layername="toothkit_flint" frame="0" z_index="1" m_a="1.000000" m_b="0.000000" m_c="0.000000" m_d="1.000000" m_tx="-13.116118" m_ty="-61.799667"/>
  </frame>
  <frame idx="375" w="51" h="104" x="18.883881" y="-29.799667">
   <element name="symbol0" layername="toothkit_flint" frame="0" z_index="1" m_a="1.000000" m_b="0.000000" m_c="0.000000" m_d="1.000000" m_tx="-13.116118" m_ty="-61.799667"/>
  </frame>
  <frame idx="400" w="51" h="104" x="18.883881" y="-29.799667">
   <element name="symbol0" layername="toothkit_flint" frame="0" z_index="1" m_a="1.000000" m_b="0.000000" m_c="0.000000" m_d="1.000000" m_tx="-13.116118" m_ty="-61.799667"/>
  </frame>
  <frame idx="425" w="51" h="104" x="18.883881" y="-29.799667">
   <element name="symbol0" layername="toothkit_flint" frame="0" z_index="1" m_a="1.000000" m_b="0.000000" m_c="0.000000" m_d="1.000000" m_tx="-13.116118" m_ty="-61.799667"/>
  </frame>
  <frame idx="450" w="51" h="104" x="18.883881" y="-29.799667">
   <element name="symbol0" layername="toothkit_flint" frame="0" z_index="1" m_a="1.000000" m_b="0.000000" m_c="0.000000" m_d="1.000000" m_tx="-13.116118" m_ty="-61.799667"/>
  </frame>
  <frame idx="475" w="51" h="104" x="18.883881" y="-29.799667">
   <element name="symbol0" layername="toothkit_flint" frame="0" z_index="1" m_a="1.000000" m_b="0.000000" m_c="0.000000" m_d="1.000000" m_tx="-13.116118" m_ty="-61.799667"/>
  </frame>
  <frame idx="500" w="51" h="104" x="18.883881" y="-29.799667">
   <element name="symbol0" layername="toothkit_flint" frame="0" z_index="1" m_a="1.000000" m_b="0.000000" m_c="0.000000" m_d="1.000000" m_tx="-13.116118" m_ty="-61.799667"/>
  </frame>
  <frame idx="525" w="51" h="104" x="18.883881" y="-29.799667">
   <element name="symbol0" layername="toothkit_flint" frame="0" z_index="1" m_a="1.000000" m_b="0.000000" m_c="0.000000" m_d="1.000000" m_tx="-13.116118" m_ty="-61.799667"/>
  </frame>
  <frame idx="550" w="51" h="104" x="18.883881" y="-29.799667">
   <element name="symbol0" layername="toothkit_flint" frame="0" z_index="1" m_a="1.000000" m_b="0.000000" m_c="0.000000" m_d="1.000000" m_tx="-13.116118" m_ty="-61.799667"/>
  </frame>
  <frame idx="575" w="51" h="104" x="18.883881" y="-29.799667">
   <element name="symbol0" layername="toothkit_flint" frame="0" z_index="1" m_a="1.000000" m_b="0.000000" m_c="0.000000" m_d="1.000000" m_tx="-13.116118" m_ty="-61.799667"/>
  </frame>
  <frame idx="600" w="51" h="104" x="18.883881" y="-29.799667">
   <element name="symbol0" layername="toothkit_flint" frame="0" z_index="1" m_a="1.000000" m_b="0.000000" m_c="0.000000" m_d="1.000000" m_tx="-13.116118" m_ty="-61.799667"/>
  </frame>
  <frame idx="625" w="51" h="104" x="18.883881" y="-29.799667">
   <element name="symbol0" layername="toothkit_flint" frame="0" z_index="1" m_a="1.000000" m_b="0.000000" m_c="0.000000" m_d="1.000000" m_tx="-13.116118" m_ty="-61.799667"/>
  </frame>
  <frame idx="650" w="51" h="104" x="18.883881" y="-29.799667">
   <element name="symbol0" layername="toothkit_flint" frame="0" z_index="1" m_a="1.000000" m_b="0.000000" m_c="0.000000" m_d="1.000000" m_tx="-13.116118" m_ty="-61.799667"/>
  </frame>
  <frame idx="675" w="51" h="104" x="18.883881" y="-29.799667">
   <element name="symbol0" layername="toothkit_flint" frame="0" z_index="1" m_a="1.000000" m_b="0.000000" m_c="0.000000" m_d="1.000000" m_tx="-13.116118" m_ty="-61.799667"/>
  </frame>
  <frame idx="700" w="51" h="104" x="18.883881" y="-29.799667">
   <element name="symbol0" layername="toothkit_flint" frame="0" z_index="1" m_a="1.000000" m_b="0.000000" m_c="0.000000" m_d="1.000000" m_tx="-13.116118" m_ty="-61.799667"/>
  </frame>
  <frame idx="725" w="51" h="104" x="18.883881" y="-29.799667">
   <element name="symbol0" layername="toothkit_flint" frame="0" z_index="1" m_a="1.000000" m_b="0.000000" m_c="0.000000" m_d="1.000000" m_tx="-13.116118" m_ty="-61.799667"/>
  </frame>
  <frame idx="750" w="51" h="104" x="18.883881" y="-29.799667">
   <element name="symbol0" layername="toothkit_flint" frame="0" z_index="1" m_a="1.000000" m_b="0.000000" m_c="0.000000" m_d="1.000000" m_tx="-13.116118" m_ty="-61.799667"/>
  </frame>
  <frame idx="775" w="51" h="104" x="18.883881" y="-29.799667">
   <element name="symbol0" layername="toothkit_flint" frame="0" z_index="1" m_a="1.000000" m_b="0.000000" m_c="0.000000" m_d="1.000000" m_tx="-13.116118" m_ty="-61.799667"/>
  </frame>
  <frame idx="800" w="51" h="104" x="18.883881" y="-29.799667">
   <element name="symbol0" layername="toothkit_flint" frame="0" z_index="1" m_a="1.000000" m_b="0.000000" m_c="0.000000" m_d="1.000000" m_tx="-13.116118" m_ty="-61.799667"/>
  </frame>
  <frame idx="825" w="51" h="104" x="18.883881" y="-29.799667">
   <element name="symbol0" layername="toothkit_flint" frame="0" z_index="1" m_a="1.000000" m_b="0.000000" m_c="0.000000" m_d="1.000000" m_tx="-13.116118" m_ty="-61.799667"/>
  </frame>
  <frame idx="850" w="51" h="104" x="18.883881" y="-29.799667">
   <element name="symbol0" layername="toothkit_flint" frame="0" z_index="1" m_a="1.000000" m_b="0.000000" m_c="0.000000" m_d="1.000000" m_tx="-13.116118" m_ty="-61.799667"/>
  </frame>
  <frame idx="875" w="51" h="104" x="18.883881" y="-29.799667">
   <element name="symbol0" layername="toothkit_flint" frame="0" z_index="1" m_a="1.000000" m_b="0.000000" m_c="0.000000" m_d="1.000000" m_tx="-13.116118" m_ty="-61.799667"/>
  </frame>
  <frame idx="900" w="51" h="104" x="18.883881" y="-29.799667">
   <element name="symbol0" layername="toothkit_flint" frame="0" z_index="1" m_a="1.000000" m_b="0.000000" m_c="0.000000" m_d="1.000000" m_tx="-13.116118" m_ty="-61.799667"/>
  </frame>
  <frame idx="925" w="51" h="104" x="18.883881" y="-29.799667">
   <element name="symbol0" layername="toothkit_flint" frame="0" z_index="1" m_a="1.000000" m_b="0.000000" m_c="0.000000" m_d="1.000000" m_tx="-13.116118" m_ty="-61.799667"/>
  </frame>
  <frame idx="950" w="51" h="104" x="18.883881" y="-29.799667">
   <element name="symbol0" layername="toothkit_flint" frame="0" z_index="1" m_a="1.000000" m_b="0.000000" m_c="0.000000" m_d="1.000000" m_tx="-13.116118" m_ty="-61.799667"/>
  </frame>
  <frame idx="975" w="51" h="104" x="18.883881" y="-29.799667">
   <element name="symbol0" layername="toothkit_flint" frame="0" z_index="1" m_a="1.000000" m_b="0.000000" m_c="0.000000" m_d="1.000000" m_tx="-13.116118" m_ty="-61.799667"/>
  </frame>
 </anim>
</Anims>
